image_path,site_correct,modality_correct,IoU_object_types,recall_object_types,dice_vqa,fraction_valid_vqa,dice_gold,fraction_valid_gold
/content/drive/Shareddrives/CS286-project/VLM-Segmentation-Project/Data/BiomedParseData/BreastUS/test/benign (415)_ultrasound_breast.png,False,True,0.0,0.0,{},0.0,"{'benign tumor': tensor(0.9091), 'tumor': tensor(0.9092)}",1.0
/content/drive/Shareddrives/CS286-project/VLM-Segmentation-Project/Data/BiomedParseData/BreastUS/test/benign (415)_ultrasound_breast.png,False,True,0.0,0.0,{},0.0,"{'benign tumor': tensor(0.9091), 'tumor': tensor(0.9092)}",1.0
/content/drive/Shareddrives/CS286-project/VLM-Segmentation-Project/Data/BiomedParseData/BreastUS/test/benign (416)_ultrasound_breast.png,False,True,0.0,0.0,{},0.0,"{'benign tumor': tensor(0.6636), 'tumor': tensor(0.6598)}",1.0
/content/drive/Shareddrives/CS286-project/VLM-Segmentation-Project/Data/BiomedParseData/BreastUS/test/benign (417)_ultrasound_breast.png,True,True,0.0,0.0,{},0.0,"{'benign tumor': tensor(0.9427), 'tumor': tensor(0.9429)}",1.0
/content/drive/Shareddrives/CS286-project/VLM-Segmentation-Project/Data/BiomedParseData/BreastUS/test/benign (418)_ultrasound_breast.png,False,True,0.0,0.0,{},0.0,"{'benign tumor': tensor(0.9224), 'tumor': tensor(0.9224)}",1.0
/content/drive/Shareddrives/CS286-project/VLM-Segmentation-Project/Data/BiomedParseData/BreastUS/test/benign (419)_ultrasound_breast.png,False,True,0.0,0.0,{},0.0,"{'benign tumor': tensor(0.9382), 'tumor': tensor(0.9385)}",1.0
/content/drive/Shareddrives/CS286-project/VLM-Segmentation-Project/Data/BiomedParseData/BreastUS/test/benign (42)_ultrasound_breast.png,False,True,0.0,0.0,{},0.0,"{'benign tumor': tensor(0.5907), 'tumor': tensor(0.4276)}",1.0
/content/drive/Shareddrives/CS286-project/VLM-Segmentation-Project/Data/BiomedParseData/BreastUS/test/benign (420)_ultrasound_breast.png,False,True,0.0,0.0,{},0.0,"{'benign tumor': tensor(0.9171), 'tumor': tensor(0.9187)}",1.0
/content/drive/Shareddrives/CS286-project/VLM-Segmentation-Project/Data/BiomedParseData/BreastUS/test/benign (421)_ultrasound_breast.png,True,True,0.25,0.5,{'tumor': tensor(0.9338)},0.5,"{'benign tumor': tensor(0.9342), 'tumor': tensor(0.9338)}",1.0
/content/drive/Shareddrives/CS286-project/VLM-Segmentation-Project/Data/BiomedParseData/BreastUS/test/benign (422)_ultrasound_breast.png,True,True,0.0,0.0,{},0.0,"{'benign tumor': tensor(0.8311), 'tumor': tensor(0.8338)}",1.0
/content/drive/Shareddrives/CS286-project/VLM-Segmentation-Project/Data/BiomedParseData/BreastUS/test/benign (423)_ultrasound_breast.png,True,True,0.25,0.5,{'tumor': tensor(0.9322)},0.5,"{'benign tumor': tensor(0.9322), 'tumor': tensor(0.9322)}",1.0
/content/drive/Shareddrives/CS286-project/VLM-Segmentation-Project/Data/BiomedParseData/BreastUS/test/benign (424)_ultrasound_breast.png,True,True,0.3333333333333333,0.5,{'tumor': tensor(0.9249)},0.5,"{'benign tumor': tensor(0.9242), 'tumor': tensor(0.9249)}",1.0
/content/drive/Shareddrives/CS286-project/VLM-Segmentation-Project/Data/BiomedParseData/BreastUS/test/benign (425)_ultrasound_breast.png,False,True,0.0,0.0,{},0.0,"{'benign tumor': tensor(0.9516), 'tumor': tensor(0.9517)}",1.0
/content/drive/Shareddrives/CS286-project/VLM-Segmentation-Project/Data/BiomedParseData/BreastUS/test/benign (426)_ultrasound_breast.png,False,True,0.0,0.0,{},0.0,"{'benign tumor': tensor(0.8854), 'tumor': tensor(0.8852)}",1.0
/content/drive/Shareddrives/CS286-project/VLM-Segmentation-Project/Data/BiomedParseData/BreastUS/test/benign (427)_ultrasound_breast.png,False,True,0.0,0.0,{},0.0,"{'benign tumor': tensor(0.6740), 'tumor': tensor(0.6754)}",1.0
/content/drive/Shareddrives/CS286-project/VLM-Segmentation-Project/Data/BiomedParseData/BreastUS/test/benign (428)_ultrasound_breast.png,False,True,0.0,0.0,{},0.0,"{'benign tumor': tensor(0.9419), 'tumor': tensor(0.9414)}",1.0
/content/drive/Shareddrives/CS286-project/VLM-Segmentation-Project/Data/BiomedParseData/BreastUS/test/benign (429)_ultrasound_breast.png,True,True,0.0,0.0,{},0.0,"{'benign tumor': tensor(0.9103), 'tumor': tensor(0.9104)}",1.0
/content/drive/Shareddrives/CS286-project/VLM-Segmentation-Project/Data/BiomedParseData/BreastUS/test/benign (43)_ultrasound_breast.png,True,True,0.25,0.5,{'tumor': tensor(0.9380)},0.5,"{'benign tumor': tensor(0.9381), 'tumor': tensor(0.9380)}",1.0
/content/drive/Shareddrives/CS286-project/VLM-Segmentation-Project/Data/BiomedParseData/BreastUS/test/benign (430)_ultrasound_breast.png,False,True,0.0,0.0,{},0.0,"{'benign tumor': tensor(0.9065), 'tumor': tensor(0.9054)}",1.0
/content/drive/Shareddrives/CS286-project/VLM-Segmentation-Project/Data/BiomedParseData/BreastUS/test/benign (431)_ultrasound_breast.png,True,True,0.25,0.5,{'tumor': tensor(0.9404)},0.5,"{'benign tumor': tensor(0.9406), 'tumor': tensor(0.9404)}",1.0
/content/drive/Shareddrives/CS286-project/VLM-Segmentation-Project/Data/BiomedParseData/BreastUS/test/benign (432)_ultrasound_breast.png,False,True,0.0,0.0,{},0.0,"{'benign tumor': tensor(0.9722), 'tumor': tensor(0.9723)}",1.0
/content/drive/Shareddrives/CS286-project/VLM-Segmentation-Project/Data/BiomedParseData/BreastUS/test/benign (433)_ultrasound_breast.png,True,True,0.25,0.5,{'tumor': tensor(0.9292)},0.5,"{'benign tumor': tensor(0.9293), 'tumor': tensor(0.9292)}",1.0
/content/drive/Shareddrives/CS286-project/VLM-Segmentation-Project/Data/BiomedParseData/BreastUS/test/benign (434)_ultrasound_breast.png,False,True,0.0,0.0,{},0.0,"{'benign tumor': tensor(0.9716), 'tumor': tensor(0.9714)}",1.0
/content/drive/Shareddrives/CS286-project/VLM-Segmentation-Project/Data/BiomedParseData/BreastUS/test/benign (435)_ultrasound_breast.png,True,True,0.0,0.0,{},0.0,"{'benign tumor': tensor(0.9579), 'tumor': tensor(0.9571)}",1.0
/content/drive/Shareddrives/CS286-project/VLM-Segmentation-Project/Data/BiomedParseData/BreastUS/test/benign (436)_ultrasound_breast.png,False,True,0.0,0.0,{},0.0,"{'benign tumor': tensor(0.9520), 'tumor': tensor(0.9524)}",1.0
/content/drive/Shareddrives/CS286-project/VLM-Segmentation-Project/Data/BiomedParseData/BreastUS/test/benign (437)_ultrasound_breast.png,False,True,0.0,0.0,{},0.0,"{'benign tumor': tensor(0.8509), 'tumor': tensor(0.8510)}",1.0
/content/drive/Shareddrives/CS286-project/VLM-Segmentation-Project/Data/BiomedParseData/BreastUS/test/benign (44)_ultrasound_breast.png,False,True,0.0,0.0,{},0.0,"{'benign tumor': tensor(0.9591), 'tumor': tensor(0.9597)}",1.0
/content/drive/Shareddrives/CS286-project/VLM-Segmentation-Project/Data/BiomedParseData/BreastUS/test/benign (45)_ultrasound_breast.png,False,True,0.0,0.0,{},0.0,"{'benign tumor': tensor(0.8300), 'tumor': tensor(0.8300)}",1.0
/content/drive/Shareddrives/CS286-project/VLM-Segmentation-Project/Data/BiomedParseData/BreastUS/test/benign (46)_ultrasound_breast.png,False,True,0.0,0.0,{},0.0,"{'benign tumor': tensor(0.9244), 'tumor': tensor(0.9243)}",1.0
/content/drive/Shareddrives/CS286-project/VLM-Segmentation-Project/Data/BiomedParseData/BreastUS/test/benign (47)_ultrasound_breast.png,False,True,0.0,0.0,{},0.0,"{'benign tumor': tensor(0.9144), 'tumor': tensor(0.9153)}",1.0
/content/drive/Shareddrives/CS286-project/VLM-Segmentation-Project/Data/BiomedParseData/BreastUS/test/benign (48)_ultrasound_breast.png,False,True,0.0,0.0,{},0.0,"{'benign tumor': tensor(0.9649), 'tumor': tensor(0.9651)}",1.0
/content/drive/Shareddrives/CS286-project/VLM-Segmentation-Project/Data/BiomedParseData/BreastUS/test/benign (49)_ultrasound_breast.png,True,True,0.25,0.5,{'tumor': tensor(0.9660)},0.5,"{'benign tumor': tensor(0.9659), 'tumor': tensor(0.9660)}",1.0
/content/drive/Shareddrives/CS286-project/VLM-Segmentation-Project/Data/BiomedParseData/BreastUS/test/benign (5)_ultrasound_breast.png,False,True,0.0,0.0,{},0.0,"{'benign tumor': tensor(0.9553), 'tumor': tensor(0.9552)}",1.0
/content/drive/Shareddrives/CS286-project/VLM-Segmentation-Project/Data/BiomedParseData/BreastUS/test/benign (50)_ultrasound_breast.png,False,True,0.0,0.0,{},0.0,"{'benign tumor': tensor(0.9281), 'tumor': tensor(0.9281)}",1.0
/content/drive/Shareddrives/CS286-project/VLM-Segmentation-Project/Data/BiomedParseData/BreastUS/test/benign (51)_ultrasound_breast.png,True,True,0.25,0.5,{'tumor': tensor(0.9375)},0.5,"{'benign tumor': tensor(0.9369), 'tumor': tensor(0.9375)}",1.0
/content/drive/Shareddrives/CS286-project/VLM-Segmentation-Project/Data/BiomedParseData/BreastUS/test/benign (52)_ultrasound_breast.png,True,True,0.0,0.0,{},0.0,"{'benign tumor': tensor(0.9298), 'tumor': tensor(0.9293)}",1.0
/content/drive/Shareddrives/CS286-project/VLM-Segmentation-Project/Data/BiomedParseData/BreastUS/test/benign (53)_ultrasound_breast.png,False,True,0.0,0.0,{},0.0,"{'benign tumor': tensor(0.9499), 'tumor': tensor(0.9498)}",1.0
/content/drive/Shareddrives/CS286-project/VLM-Segmentation-Project/Data/BiomedParseData/BreastUS/test/benign (54)_ultrasound_breast.png,False,True,0.0,0.0,{},0.0,"{'benign tumor': tensor(0.9608), 'tumor': tensor(0.9607)}",1.0
/content/drive/Shareddrives/CS286-project/VLM-Segmentation-Project/Data/BiomedParseData/BreastUS/test/benign (55)_ultrasound_breast.png,True,True,0.0,0.0,{},0.0,"{'benign tumor': tensor(0.9342), 'tumor': tensor(0.9342)}",1.0
/content/drive/Shareddrives/CS286-project/VLM-Segmentation-Project/Data/BiomedParseData/BreastUS/test/benign (56)_ultrasound_breast.png,False,True,0.0,0.0,{},0.0,"{'benign tumor': tensor(0.9305), 'tumor': tensor(0.9300)}",1.0
/content/drive/Shareddrives/CS286-project/VLM-Segmentation-Project/Data/BiomedParseData/BreastUS/test/benign (57)_ultrasound_breast.png,False,True,0.0,0.0,{},0.0,"{'benign tumor': tensor(0.9430), 'tumor': tensor(0.9426)}",1.0
/content/drive/Shareddrives/CS286-project/VLM-Segmentation-Project/Data/BiomedParseData/BreastUS/test/benign (58)_ultrasound_breast.png,False,True,0.0,0.0,{},0.0,"{'benign tumor': tensor(0.8535), 'tumor': tensor(0.8502)}",1.0
/content/drive/Shareddrives/CS286-project/VLM-Segmentation-Project/Data/BiomedParseData/BreastUS/test/benign (59)_ultrasound_breast.png,False,True,0.0,0.0,{},0.0,"{'benign tumor': tensor(0.9270), 'tumor': tensor(0.9270)}",1.0
/content/drive/Shareddrives/CS286-project/VLM-Segmentation-Project/Data/BiomedParseData/BreastUS/test/benign (6)_ultrasound_breast.png,False,True,0.0,0.0,{},0.0,"{'benign tumor': tensor(0.9580), 'tumor': tensor(0.9580)}",1.0
/content/drive/Shareddrives/CS286-project/VLM-Segmentation-Project/Data/BiomedParseData/BreastUS/test/benign (60)_ultrasound_breast.png,True,True,0.0,0.0,{},0.0,"{'benign tumor': tensor(0.9396), 'tumor': tensor(0.9412)}",1.0
/content/drive/Shareddrives/CS286-project/VLM-Segmentation-Project/Data/BiomedParseData/BreastUS/test/benign (61)_ultrasound_breast.png,False,True,0.0,0.0,{},0.0,"{'benign tumor': tensor(0.7897), 'tumor': tensor(0.7904)}",1.0
/content/drive/Shareddrives/CS286-project/VLM-Segmentation-Project/Data/BiomedParseData/BreastUS/test/benign (62)_ultrasound_breast.png,False,True,0.0,0.0,{},0.0,"{'benign tumor': tensor(0.9508), 'tumor': tensor(0.9507)}",1.0
/content/drive/Shareddrives/CS286-project/VLM-Segmentation-Project/Data/BiomedParseData/BreastUS/test/benign (63)_ultrasound_breast.png,True,True,0.5,0.5,{'tumor': tensor(0.9355)},0.5,"{'benign tumor': tensor(0.9355), 'tumor': tensor(0.9355)}",1.0
/content/drive/Shareddrives/CS286-project/VLM-Segmentation-Project/Data/BiomedParseData/BreastUS/test/benign (64)_ultrasound_breast.png,False,True,0.0,0.0,{},0.0,"{'benign tumor': tensor(0.9549), 'tumor': tensor(0.9550)}",1.0
/content/drive/Shareddrives/CS286-project/VLM-Segmentation-Project/Data/BiomedParseData/BreastUS/test/benign (65)_ultrasound_breast.png,False,True,0.0,0.0,{},0.0,"{'benign tumor': tensor(0.9626), 'tumor': tensor(0.9627)}",1.0
/content/drive/Shareddrives/CS286-project/VLM-Segmentation-Project/Data/BiomedParseData/BreastUS/test/benign (66)_ultrasound_breast.png,False,True,0.0,0.0,{},0.0,"{'benign tumor': tensor(0.9611), 'tumor': tensor(0.9610)}",1.0
/content/drive/Shareddrives/CS286-project/VLM-Segmentation-Project/Data/BiomedParseData/BreastUS/test/benign (67)_ultrasound_breast.png,False,True,0.0,0.0,{},0.0,"{'benign tumor': tensor(0.9208), 'tumor': tensor(0.9207)}",1.0
/content/drive/Shareddrives/CS286-project/VLM-Segmentation-Project/Data/BiomedParseData/BreastUS/test/benign (68)_ultrasound_breast.png,False,True,0.0,0.0,{},0.0,"{'benign tumor': tensor(0.9729), 'tumor': tensor(0.9729)}",1.0
