image_path,site_correct,modality_correct,IoU_object_types,recall_object_types,dice_vqa,fraction_valid_vqa,dice_gold,fraction_valid_gold
/content/drive/Shareddrives/CS286-project/VLM-Segmentation-Project/Data/BiomedParseData/CXR_Masks_and_Labels/test/CHNCXR_0641_1_X-Ray_chest.png,True,True,0.375,1.0,"{'lung': tensor(0.9729), 'right lung': tensor(0.9708), 'left lung': tensor(0.9750)}",1.0,"{'lung': tensor(0.9729), 'right lung': tensor(0.9708), 'left lung': tensor(0.9750)}",1.0
/content/drive/Shareddrives/CS286-project/VLM-Segmentation-Project/Data/BiomedParseData/CXR_Masks_and_Labels/test/CHNCXR_0641_1_X-Ray_chest.png,True,True,0.375,1.0,"{'lung': tensor(0.9729), 'right lung': tensor(0.9708), 'left lung': tensor(0.9750)}",1.0,"{'lung': tensor(0.9729), 'right lung': tensor(0.9708), 'left lung': tensor(0.9750)}",1.0
/content/drive/Shareddrives/CS286-project/VLM-Segmentation-Project/Data/BiomedParseData/CXR_Masks_and_Labels/test/CHNCXR_0642_1_X-Ray_chest.png,True,True,0.375,1.0,"{'lung': tensor(0.9709), 'right lung': tensor(0.9774), 'left lung': tensor(0.9601)}",1.0,"{'lung': tensor(0.9709), 'right lung': tensor(0.9774), 'left lung': tensor(0.9601)}",1.0
/content/drive/Shareddrives/CS286-project/VLM-Segmentation-Project/Data/BiomedParseData/CXR_Masks_and_Labels/test/CHNCXR_0643_1_X-Ray_chest.png,True,True,0.2727272727272727,1.0,"{'lung': tensor(0.9781), 'right lung': tensor(0.9778), 'left lung': tensor(0.9781)}",1.0,"{'lung': tensor(0.9781), 'right lung': tensor(0.9778), 'left lung': tensor(0.9781)}",1.0
/content/drive/Shareddrives/CS286-project/VLM-Segmentation-Project/Data/BiomedParseData/CXR_Masks_and_Labels/test/CHNCXR_0644_1_X-Ray_chest.png,True,True,0.5,1.0,"{'lung': tensor(0.9605), 'right lung': tensor(0.9581), 'left lung': tensor(0.9633)}",1.0,"{'lung': tensor(0.9605), 'right lung': tensor(0.9581), 'left lung': tensor(0.9633)}",1.0
/content/drive/Shareddrives/CS286-project/VLM-Segmentation-Project/Data/BiomedParseData/CXR_Masks_and_Labels/test/CHNCXR_0645_1_X-Ray_chest.png,True,True,0.2727272727272727,1.0,"{'lung': tensor(0.9635), 'right lung': tensor(0.9591), 'left lung': tensor(0.9712)}",1.0,"{'lung': tensor(0.9635), 'right lung': tensor(0.9591), 'left lung': tensor(0.9712)}",1.0
/content/drive/Shareddrives/CS286-project/VLM-Segmentation-Project/Data/BiomedParseData/CXR_Masks_and_Labels/test/CHNCXR_0646_1_X-Ray_chest.png,True,True,0.3,1.0,"{'lung': tensor(0.9531), 'right lung': tensor(0.9647), 'left lung': tensor(0.9423)}",1.0,"{'lung': tensor(0.9531), 'right lung': tensor(0.9647), 'left lung': tensor(0.9423)}",1.0
/content/drive/Shareddrives/CS286-project/VLM-Segmentation-Project/Data/BiomedParseData/CXR_Masks_and_Labels/test/CHNCXR_0647_1_X-Ray_chest.png,True,True,0.3,1.0,"{'lung': tensor(0.9679), 'right lung': tensor(0.9736), 'left lung': tensor(0.9602)}",1.0,"{'lung': tensor(0.9679), 'right lung': tensor(0.9736), 'left lung': tensor(0.9602)}",1.0
/content/drive/Shareddrives/CS286-project/VLM-Segmentation-Project/Data/BiomedParseData/CXR_Masks_and_Labels/test/CHNCXR_0648_1_X-Ray_chest.png,False,True,0.1764705882352941,1.0,"{'lung': tensor(0.9508), 'right lung': tensor(0.9479), 'left lung': tensor(0.9533)}",1.0,"{'lung': tensor(0.9508), 'right lung': tensor(0.9479), 'left lung': tensor(0.9533)}",1.0
/content/drive/Shareddrives/CS286-project/VLM-Segmentation-Project/Data/BiomedParseData/CXR_Masks_and_Labels/test/CHNCXR_0649_1_X-Ray_chest.png,True,True,0.6,1.0,"{'lung': tensor(0.9718), 'right lung': tensor(0.9699), 'left lung': tensor(0.9750)}",1.0,"{'lung': tensor(0.9718), 'right lung': tensor(0.9699), 'left lung': tensor(0.9750)}",1.0
/content/drive/Shareddrives/CS286-project/VLM-Segmentation-Project/Data/BiomedParseData/CXR_Masks_and_Labels/test/CHNCXR_0650_1_X-Ray_chest.png,True,True,0.5,1.0,"{'lung': tensor(0.9748), 'right lung': tensor(0.9746), 'left lung': tensor(0.9763)}",1.0,"{'lung': tensor(0.9748), 'right lung': tensor(0.9746), 'left lung': tensor(0.9763)}",1.0
/content/drive/Shareddrives/CS286-project/VLM-Segmentation-Project/Data/BiomedParseData/CXR_Masks_and_Labels/test/CHNCXR_0651_1_X-Ray_chest.png,False,True,0.3333333333333333,0.3333333333333333,{'lung': tensor(0.9768)},0.3333333333333333,"{'lung': tensor(0.9768), 'right lung': tensor(0.9757), 'left lung': tensor(0.9775)}",1.0
/content/drive/Shareddrives/CS286-project/VLM-Segmentation-Project/Data/BiomedParseData/CXR_Masks_and_Labels/test/CHNCXR_0652_1_X-Ray_chest.png,True,True,0.75,1.0,"{'lung': tensor(0.9754), 'right lung': tensor(0.9744), 'left lung': tensor(0.9765)}",1.0,"{'lung': tensor(0.9754), 'right lung': tensor(0.9744), 'left lung': tensor(0.9765)}",1.0
/content/drive/Shareddrives/CS286-project/VLM-Segmentation-Project/Data/BiomedParseData/CXR_Masks_and_Labels/test/CHNCXR_0653_1_X-Ray_chest.png,True,True,0.2142857142857142,1.0,"{'lung': tensor(0.9722), 'right lung': tensor(0.9538), 'left lung': tensor(0.9865)}",1.0,"{'lung': tensor(0.9722), 'right lung': tensor(0.9538), 'left lung': tensor(0.9865)}",1.0
/content/drive/Shareddrives/CS286-project/VLM-Segmentation-Project/Data/BiomedParseData/CXR_Masks_and_Labels/test/CHNCXR_0654_1_X-Ray_chest.png,False,True,0.125,0.3333333333333333,{'left lung': tensor(0.9785)},0.3333333333333333,"{'lung': tensor(0.9779), 'right lung': tensor(0.9808), 'left lung': tensor(0.9785)}",1.0
/content/drive/Shareddrives/CS286-project/VLM-Segmentation-Project/Data/BiomedParseData/CXR_Masks_and_Labels/test/CHNCXR_0655_1_X-Ray_chest.png,True,True,1.0,1.0,"{'lung': tensor(0.9755), 'right lung': tensor(0.9831), 'left lung': tensor(0.9714)}",1.0,"{'lung': tensor(0.9755), 'right lung': tensor(0.9831), 'left lung': tensor(0.9714)}",1.0
/content/drive/Shareddrives/CS286-project/VLM-Segmentation-Project/Data/BiomedParseData/CXR_Masks_and_Labels/test/CHNCXR_0656_1_X-Ray_chest.png,True,True,0.2727272727272727,1.0,"{'lung': tensor(0.9732), 'right lung': tensor(0.9692), 'left lung': tensor(0.9779)}",1.0,"{'lung': tensor(0.9732), 'right lung': tensor(0.9692), 'left lung': tensor(0.9779)}",1.0
/content/drive/Shareddrives/CS286-project/VLM-Segmentation-Project/Data/BiomedParseData/CXR_Masks_and_Labels/test/CHNCXR_0657_1_X-Ray_chest.png,True,True,0.5,1.0,"{'lung': tensor(0.9643), 'right lung': tensor(0.9606), 'left lung': tensor(0.9727)}",1.0,"{'lung': tensor(0.9643), 'right lung': tensor(0.9606), 'left lung': tensor(0.9727)}",1.0
/content/drive/Shareddrives/CS286-project/VLM-Segmentation-Project/Data/BiomedParseData/CXR_Masks_and_Labels/test/CHNCXR_0658_1_X-Ray_chest.png,True,True,0.3333333333333333,1.0,"{'lung': tensor(0.9705), 'right lung': tensor(0.9722), 'left lung': tensor(0.9679)}",1.0,"{'lung': tensor(0.9705), 'right lung': tensor(0.9722), 'left lung': tensor(0.9679)}",1.0
/content/drive/Shareddrives/CS286-project/VLM-Segmentation-Project/Data/BiomedParseData/CXR_Masks_and_Labels/test/CHNCXR_0659_1_X-Ray_chest.png,True,True,0.3,1.0,"{'lung': tensor(0.9801), 'right lung': tensor(0.9850), 'left lung': tensor(0.9748)}",1.0,"{'lung': tensor(0.9801), 'right lung': tensor(0.9850), 'left lung': tensor(0.9748)}",1.0
/content/drive/Shareddrives/CS286-project/VLM-Segmentation-Project/Data/BiomedParseData/CXR_Masks_and_Labels/test/CHNCXR_0660_1_X-Ray_chest.png,True,True,0.25,1.0,"{'lung': tensor(0.9292), 'right lung': tensor(0.8544), 'left lung': tensor(0.9705)}",1.0,"{'lung': tensor(0.9292), 'right lung': tensor(0.8544), 'left lung': tensor(0.9705)}",1.0
/content/drive/Shareddrives/CS286-project/VLM-Segmentation-Project/Data/BiomedParseData/CXR_Masks_and_Labels/test/CHNCXR_0661_1_X-Ray_chest.png,True,True,0.2727272727272727,1.0,"{'lung': tensor(0.9763), 'right lung': tensor(0.9748), 'left lung': tensor(0.9762)}",1.0,"{'lung': tensor(0.9763), 'right lung': tensor(0.9748), 'left lung': tensor(0.9762)}",1.0
/content/drive/Shareddrives/CS286-project/VLM-Segmentation-Project/Data/BiomedParseData/CXR_Masks_and_Labels/test/CHNCXR_0662_1_X-Ray_chest.png,True,True,0.3,1.0,"{'lung': tensor(0.9715), 'right lung': tensor(0.9713), 'left lung': tensor(0.9686)}",1.0,"{'lung': tensor(0.9715), 'right lung': tensor(0.9713), 'left lung': tensor(0.9686)}",1.0
