image_path,site_correct,modality_correct,IoU_object_types,recall_object_types,dice_vqa,fraction_valid_vqa,dice_gold,fraction_valid_gold
/content/drive/Shareddrives/CS286-project/VLM-Segmentation-Project/Data/BiomedParseData/GlaS/test/testA_1_pathology_colon.png,False,True,0.0,0.0,{},0.0,{'colon glandular structure': tensor(0.9035)},1.0
/content/drive/Shareddrives/CS286-project/VLM-Segmentation-Project/Data/BiomedParseData/GlaS/test/testA_1_pathology_colon.png,False,True,0.0,0.0,{},0.0,{'colon glandular structure': tensor(0.9035)},1.0
/content/drive/Shareddrives/CS286-project/VLM-Segmentation-Project/Data/BiomedParseData/GlaS/test/testA_10_pathology_colon.png,True,True,0.2,1.0,{'colon glandular structure': tensor(0.7942)},1.0,{'colon glandular structure': tensor(0.7942)},1.0
/content/drive/Shareddrives/CS286-project/VLM-Segmentation-Project/Data/BiomedParseData/GlaS/test/testA_15_pathology_colon.png,True,True,0.1666666666666666,1.0,{'colon glandular structure': tensor(0.6756)},1.0,{'colon glandular structure': tensor(0.6756)},1.0
/content/drive/Shareddrives/CS286-project/VLM-Segmentation-Project/Data/BiomedParseData/GlaS/test/testA_17_pathology_colon.png,True,True,0.1666666666666666,1.0,{'colon glandular structure': tensor(0.9049)},1.0,{'colon glandular structure': tensor(0.9049)},1.0
/content/drive/Shareddrives/CS286-project/VLM-Segmentation-Project/Data/BiomedParseData/GlaS/test/testA_21_pathology_colon.png,True,True,0.2,1.0,{'colon glandular structure': tensor(0.8337)},1.0,{'colon glandular structure': tensor(0.8337)},1.0
/content/drive/Shareddrives/CS286-project/VLM-Segmentation-Project/Data/BiomedParseData/GlaS/test/testA_25_pathology_colon.png,False,True,0.0,0.0,{},0.0,{'colon glandular structure': tensor(0.9241)},1.0
/content/drive/Shareddrives/CS286-project/VLM-Segmentation-Project/Data/BiomedParseData/GlaS/test/testA_27_pathology_colon.png,False,True,0.0,0.0,{},0.0,{'colon glandular structure': tensor(0.9228)},1.0
/content/drive/Shareddrives/CS286-project/VLM-Segmentation-Project/Data/BiomedParseData/GlaS/test/testA_28_pathology_colon.png,True,True,0.2,1.0,{'colon glandular structure': tensor(0.9131)},1.0,{'colon glandular structure': tensor(0.9131)},1.0
/content/drive/Shareddrives/CS286-project/VLM-Segmentation-Project/Data/BiomedParseData/GlaS/test/testA_29_pathology_colon.png,True,True,0.1666666666666666,1.0,{'colon glandular structure': tensor(0.9413)},1.0,{'colon glandular structure': tensor(0.9413)},1.0
/content/drive/Shareddrives/CS286-project/VLM-Segmentation-Project/Data/BiomedParseData/GlaS/test/testA_31_pathology_colon.png,True,True,0.1666666666666666,1.0,{'colon glandular structure': tensor(0.9713)},1.0,{'colon glandular structure': tensor(0.9713)},1.0
/content/drive/Shareddrives/CS286-project/VLM-Segmentation-Project/Data/BiomedParseData/GlaS/test/testA_32_pathology_colon.png,False,True,0.0,0.0,{},0.0,{'colon glandular structure': tensor(0.8546)},1.0
/content/drive/Shareddrives/CS286-project/VLM-Segmentation-Project/Data/BiomedParseData/GlaS/test/testA_34_pathology_colon.png,False,True,0.0,0.0,{},0.0,{'colon glandular structure': tensor(0.9160)},1.0
/content/drive/Shareddrives/CS286-project/VLM-Segmentation-Project/Data/BiomedParseData/GlaS/test/testA_36_pathology_colon.png,False,True,0.0,0.0,{},0.0,{'colon glandular structure': tensor(0.9608)},1.0
/content/drive/Shareddrives/CS286-project/VLM-Segmentation-Project/Data/BiomedParseData/GlaS/test/testA_37_pathology_colon.png,True,True,0.1666666666666666,1.0,{'colon glandular structure': tensor(0.9108)},1.0,{'colon glandular structure': tensor(0.9108)},1.0
/content/drive/Shareddrives/CS286-project/VLM-Segmentation-Project/Data/BiomedParseData/GlaS/test/testA_38_pathology_colon.png,False,True,0.0,0.0,{},0.0,{'colon glandular structure': tensor(0.9351)},1.0
/content/drive/Shareddrives/CS286-project/VLM-Segmentation-Project/Data/BiomedParseData/GlaS/test/testA_39_pathology_colon.png,True,True,0.0,0.0,{},0.0,{'colon glandular structure': tensor(0.8929)},1.0
/content/drive/Shareddrives/CS286-project/VLM-Segmentation-Project/Data/BiomedParseData/GlaS/test/testA_40_pathology_colon.png,False,True,0.0,0.0,{},0.0,{'colon glandular structure': tensor(0.9400)},1.0
/content/drive/Shareddrives/CS286-project/VLM-Segmentation-Project/Data/BiomedParseData/GlaS/test/testA_42_pathology_colon.png,False,True,0.0,0.0,{},0.0,{'colon glandular structure': tensor(0.9434)},1.0
/content/drive/Shareddrives/CS286-project/VLM-Segmentation-Project/Data/BiomedParseData/GlaS/test/testA_43_pathology_colon.png,False,True,0.0,0.0,{},0.0,{'colon glandular structure': tensor(0.9634)},1.0
/content/drive/Shareddrives/CS286-project/VLM-Segmentation-Project/Data/BiomedParseData/GlaS/test/testA_44_pathology_colon.png,True,True,0.1428571428571428,1.0,{'colon glandular structure': tensor(0.9713)},1.0,{'colon glandular structure': tensor(0.9713)},1.0
/content/drive/Shareddrives/CS286-project/VLM-Segmentation-Project/Data/BiomedParseData/GlaS/test/testA_45_pathology_colon.png,False,True,0.0,0.0,{},0.0,{'colon glandular structure': tensor(0.8907)},1.0
/content/drive/Shareddrives/CS286-project/VLM-Segmentation-Project/Data/BiomedParseData/GlaS/test/testA_47_pathology_colon.png,True,True,0.1666666666666666,1.0,{'colon glandular structure': tensor(0.9153)},1.0,{'colon glandular structure': tensor(0.9153)},1.0
/content/drive/Shareddrives/CS286-project/VLM-Segmentation-Project/Data/BiomedParseData/GlaS/test/testA_48_pathology_colon.png,True,True,0.1666666666666666,1.0,{'colon glandular structure': tensor(0.8732)},1.0,{'colon glandular structure': tensor(0.8732)},1.0
/content/drive/Shareddrives/CS286-project/VLM-Segmentation-Project/Data/BiomedParseData/GlaS/test/testA_49_pathology_colon.png,False,True,0.0,0.0,{},0.0,{'colon glandular structure': tensor(0.8545)},1.0
/content/drive/Shareddrives/CS286-project/VLM-Segmentation-Project/Data/BiomedParseData/GlaS/test/testA_5_pathology_colon.png,False,True,0.0,0.0,{},0.0,{'colon glandular structure': tensor(0.9521)},1.0
/content/drive/Shareddrives/CS286-project/VLM-Segmentation-Project/Data/BiomedParseData/GlaS/test/testA_50_pathology_colon.png,True,True,0.2,1.0,{'colon glandular structure': tensor(0.9197)},1.0,{'colon glandular structure': tensor(0.9197)},1.0
/content/drive/Shareddrives/CS286-project/VLM-Segmentation-Project/Data/BiomedParseData/GlaS/test/testA_53_pathology_colon.png,False,True,0.0,0.0,{},0.0,{'colon glandular structure': tensor(0.9423)},1.0
/content/drive/Shareddrives/CS286-project/VLM-Segmentation-Project/Data/BiomedParseData/GlaS/test/testA_57_pathology_colon.png,False,True,0.0,0.0,{},0.0,{'colon glandular structure': tensor(0.8717)},1.0
/content/drive/Shareddrives/CS286-project/VLM-Segmentation-Project/Data/BiomedParseData/GlaS/test/testA_58_pathology_colon.png,True,True,0.1666666666666666,1.0,{'colon glandular structure': tensor(0.9391)},1.0,{'colon glandular structure': tensor(0.9391)},1.0
/content/drive/Shareddrives/CS286-project/VLM-Segmentation-Project/Data/BiomedParseData/GlaS/test/testA_59_pathology_colon.png,False,True,0.0,0.0,{},0.0,{'colon glandular structure': tensor(0.8680)},1.0
/content/drive/Shareddrives/CS286-project/VLM-Segmentation-Project/Data/BiomedParseData/GlaS/test/testA_60_pathology_colon.png,True,True,0.2,1.0,{'colon glandular structure': tensor(0.9521)},1.0,{'colon glandular structure': tensor(0.9521)},1.0
/content/drive/Shareddrives/CS286-project/VLM-Segmentation-Project/Data/BiomedParseData/GlaS/test/testA_7_pathology_colon.png,False,True,0.0,0.0,{},0.0,{'colon glandular structure': tensor(0.8634)},1.0
/content/drive/Shareddrives/CS286-project/VLM-Segmentation-Project/Data/BiomedParseData/GlaS/test/testA_8_pathology_colon.png,True,True,0.1666666666666666,1.0,{'colon glandular structure': tensor(0.8934)},1.0,{'colon glandular structure': tensor(0.8934)},1.0
/content/drive/Shareddrives/CS286-project/VLM-Segmentation-Project/Data/BiomedParseData/GlaS/test/testB_1_pathology_colon.png,False,True,0.0,0.0,{},0.0,{'colon glandular structure': tensor(0.7624)},1.0
/content/drive/Shareddrives/CS286-project/VLM-Segmentation-Project/Data/BiomedParseData/GlaS/test/testB_10_pathology_colon.png,True,True,0.1666666666666666,1.0,{'colon glandular structure': tensor(0.8494)},1.0,{'colon glandular structure': tensor(0.8494)},1.0
/content/drive/Shareddrives/CS286-project/VLM-Segmentation-Project/Data/BiomedParseData/GlaS/test/testB_11_pathology_colon.png,True,True,0.1666666666666666,1.0,{'colon glandular structure': tensor(0.9255)},1.0,{'colon glandular structure': tensor(0.9255)},1.0
/content/drive/Shareddrives/CS286-project/VLM-Segmentation-Project/Data/BiomedParseData/GlaS/test/testB_12_pathology_colon.png,True,True,0.1666666666666666,1.0,{'colon glandular structure': tensor(0.8464)},1.0,{'colon glandular structure': tensor(0.8464)},1.0
/content/drive/Shareddrives/CS286-project/VLM-Segmentation-Project/Data/BiomedParseData/GlaS/test/testB_14_pathology_colon.png,True,True,0.1666666666666666,1.0,{'colon glandular structure': tensor(0.5015)},1.0,{'colon glandular structure': tensor(0.5015)},1.0
/content/drive/Shareddrives/CS286-project/VLM-Segmentation-Project/Data/BiomedParseData/GlaS/test/testB_17_pathology_colon.png,True,True,0.2,1.0,{'colon glandular structure': tensor(0.9430)},1.0,{'colon glandular structure': tensor(0.9430)},1.0
/content/drive/Shareddrives/CS286-project/VLM-Segmentation-Project/Data/BiomedParseData/GlaS/test/testB_20_pathology_colon.png,False,True,0.0,0.0,{},0.0,{'colon glandular structure': tensor(0.8608)},1.0
/content/drive/Shareddrives/CS286-project/VLM-Segmentation-Project/Data/BiomedParseData/GlaS/test/testB_3_pathology_colon.png,True,True,0.1666666666666666,1.0,{'colon glandular structure': tensor(0.9038)},1.0,{'colon glandular structure': tensor(0.9038)},1.0
/content/drive/Shareddrives/CS286-project/VLM-Segmentation-Project/Data/BiomedParseData/GlaS/test/testB_6_pathology_colon.png,False,True,0.0,0.0,{},0.0,{'colon glandular structure': tensor(0.7898)},1.0
