image_path,site_correct,modality_correct,IoU_object_types,recall_object_types,dice_vqa,fraction_valid_vqa,dice_gold,fraction_valid_gold
/content/drive/Shareddrives/CS286-project/VLM-Segmentation-Project/Data/BiomedParseData/LGG/test/TCGA_HT_7694_19950404_0_MRI-FLAIR_brain.png,True,True,0.1818181818181818,1.0,"{'lower-grade glioma': tensor(0.9316), 'tumor': tensor(0.9313)}",1.0,"{'lower-grade glioma': tensor(0.9316), 'tumor': tensor(0.9313)}",1.0
/content/drive/Shareddrives/CS286-project/VLM-Segmentation-Project/Data/BiomedParseData/LGG/test/TCGA_HT_7694_19950404_0_MRI-FLAIR_brain.png,True,True,0.1818181818181818,1.0,"{'lower-grade glioma': tensor(0.9316), 'tumor': tensor(0.9313)}",1.0,"{'lower-grade glioma': tensor(0.9316), 'tumor': tensor(0.9313)}",1.0
/content/drive/Shareddrives/CS286-project/VLM-Segmentation-Project/Data/BiomedParseData/LGG/test/TCGA_HT_7694_19950404_1_MRI-FLAIR_brain.png,True,True,0.1333333333333333,1.0,"{'lower-grade glioma': tensor(0.9500), 'tumor': tensor(0.9496)}",1.0,"{'lower-grade glioma': tensor(0.9500), 'tumor': tensor(0.9496)}",1.0
/content/drive/Shareddrives/CS286-project/VLM-Segmentation-Project/Data/BiomedParseData/LGG/test/TCGA_HT_7694_19950404_2_MRI-FLAIR_brain.png,True,True,0.1538461538461538,1.0,"{'lower-grade glioma': tensor(0.9641), 'tumor': tensor(0.9641)}",1.0,"{'lower-grade glioma': tensor(0.9641), 'tumor': tensor(0.9641)}",1.0
/content/drive/Shareddrives/CS286-project/VLM-Segmentation-Project/Data/BiomedParseData/LGG/test/TCGA_HT_7694_19950404_3_MRI-FLAIR_brain.png,True,True,0.1538461538461538,1.0,"{'lower-grade glioma': tensor(0.9473), 'tumor': tensor(0.9476)}",1.0,"{'lower-grade glioma': tensor(0.9473), 'tumor': tensor(0.9476)}",1.0
/content/drive/Shareddrives/CS286-project/VLM-Segmentation-Project/Data/BiomedParseData/LGG/test/TCGA_HT_7694_19950404_4_MRI-FLAIR_brain.png,True,True,0.1666666666666666,1.0,"{'lower-grade glioma': tensor(0.9712), 'tumor': tensor(0.9714)}",1.0,"{'lower-grade glioma': tensor(0.9712), 'tumor': tensor(0.9714)}",1.0
/content/drive/Shareddrives/CS286-project/VLM-Segmentation-Project/Data/BiomedParseData/LGG/test/TCGA_HT_7694_19950404_5_MRI-FLAIR_brain.png,True,True,0.1666666666666666,1.0,"{'lower-grade glioma': tensor(0.9450), 'tumor': tensor(0.9449)}",1.0,"{'lower-grade glioma': tensor(0.9450), 'tumor': tensor(0.9449)}",1.0
/content/drive/Shareddrives/CS286-project/VLM-Segmentation-Project/Data/BiomedParseData/LGG/test/TCGA_HT_7694_19950404_6_MRI-FLAIR_brain.png,True,True,0.1666666666666666,1.0,"{'lower-grade glioma': tensor(0.9293), 'tumor': tensor(0.9288)}",1.0,"{'lower-grade glioma': tensor(0.9293), 'tumor': tensor(0.9288)}",1.0
/content/drive/Shareddrives/CS286-project/VLM-Segmentation-Project/Data/BiomedParseData/LGG/test/TCGA_HT_7694_19950404_7_MRI-FLAIR_brain.png,True,True,0.1666666666666666,1.0,"{'lower-grade glioma': tensor(0.9472), 'tumor': tensor(0.9470)}",1.0,"{'lower-grade glioma': tensor(0.9472), 'tumor': tensor(0.9470)}",1.0
/content/drive/Shareddrives/CS286-project/VLM-Segmentation-Project/Data/BiomedParseData/LGG/test/TCGA_HT_7694_19950404_8_MRI-FLAIR_brain.png,True,True,0.2,1.0,"{'lower-grade glioma': tensor(0.8692), 'tumor': tensor(0.8692)}",1.0,"{'lower-grade glioma': tensor(0.8692), 'tumor': tensor(0.8692)}",1.0
/content/drive/Shareddrives/CS286-project/VLM-Segmentation-Project/Data/BiomedParseData/LGG/test/TCGA_HT_7694_19950404_11_MRI-FLAIR_brain.png,True,True,0.125,0.5,{'tumor': tensor(0.7799)},0.5,"{'lower-grade glioma': tensor(0.7804), 'tumor': tensor(0.7799)}",1.0
/content/drive/Shareddrives/CS286-project/VLM-Segmentation-Project/Data/BiomedParseData/LGG/test/TCGA_HT_7694_19950404_12_MRI-FLAIR_brain.png,True,True,0.1666666666666666,1.0,"{'lower-grade glioma': tensor(0.8988), 'tumor': tensor(0.8985)}",1.0,"{'lower-grade glioma': tensor(0.8988), 'tumor': tensor(0.8985)}",1.0
/content/drive/Shareddrives/CS286-project/VLM-Segmentation-Project/Data/BiomedParseData/LGG/test/TCGA_HT_7694_19950404_13_MRI-FLAIR_brain.png,True,True,0.1538461538461538,1.0,"{'lower-grade glioma': tensor(0.8643), 'tumor': tensor(0.8655)}",1.0,"{'lower-grade glioma': tensor(0.8643), 'tumor': tensor(0.8655)}",1.0
/content/drive/Shareddrives/CS286-project/VLM-Segmentation-Project/Data/BiomedParseData/LGG/test/TCGA_HT_7855_19951020_0_MRI-FLAIR_brain.png,True,True,0.0,0.0,{},0.0,"{'lower-grade glioma': tensor(0.9638), 'tumor': tensor(0.9638)}",1.0
/content/drive/Shareddrives/CS286-project/VLM-Segmentation-Project/Data/BiomedParseData/LGG/test/TCGA_HT_7855_19951020_1_MRI-FLAIR_brain.png,True,True,0.1666666666666666,1.0,"{'lower-grade glioma': tensor(0.9677), 'tumor': tensor(0.9676)}",1.0,"{'lower-grade glioma': tensor(0.9677), 'tumor': tensor(0.9676)}",1.0
/content/drive/Shareddrives/CS286-project/VLM-Segmentation-Project/Data/BiomedParseData/LGG/test/TCGA_HT_7855_19951020_2_MRI-FLAIR_brain.png,True,True,0.1428571428571428,1.0,"{'lower-grade glioma': tensor(0.9744), 'tumor': tensor(0.9747)}",1.0,"{'lower-grade glioma': tensor(0.9744), 'tumor': tensor(0.9747)}",1.0
/content/drive/Shareddrives/CS286-project/VLM-Segmentation-Project/Data/BiomedParseData/LGG/test/TCGA_HT_7855_19951020_3_MRI-FLAIR_brain.png,True,True,0.1428571428571428,1.0,"{'lower-grade glioma': tensor(0.9756), 'tumor': tensor(0.9757)}",1.0,"{'lower-grade glioma': tensor(0.9756), 'tumor': tensor(0.9757)}",1.0
/content/drive/Shareddrives/CS286-project/VLM-Segmentation-Project/Data/BiomedParseData/LGG/test/TCGA_HT_7855_19951020_4_MRI-FLAIR_brain.png,True,True,0.1428571428571428,1.0,"{'lower-grade glioma': tensor(0.9623), 'tumor': tensor(0.9626)}",1.0,"{'lower-grade glioma': tensor(0.9623), 'tumor': tensor(0.9626)}",1.0
/content/drive/Shareddrives/CS286-project/VLM-Segmentation-Project/Data/BiomedParseData/LGG/test/TCGA_HT_7855_19951020_5_MRI-FLAIR_brain.png,True,True,0.1428571428571428,1.0,"{'lower-grade glioma': tensor(0.9395), 'tumor': tensor(0.9362)}",1.0,"{'lower-grade glioma': tensor(0.9395), 'tumor': tensor(0.9362)}",1.0
/content/drive/Shareddrives/CS286-project/VLM-Segmentation-Project/Data/BiomedParseData/LGG/test/TCGA_HT_7855_19951020_6_MRI-FLAIR_brain.png,True,True,0.2,1.0,"{'lower-grade glioma': tensor(0.9564), 'tumor': tensor(0.9573)}",1.0,"{'lower-grade glioma': tensor(0.9564), 'tumor': tensor(0.9573)}",1.0
/content/drive/Shareddrives/CS286-project/VLM-Segmentation-Project/Data/BiomedParseData/LGG/test/TCGA_HT_7855_19951020_7_MRI-FLAIR_brain.png,True,True,0.1666666666666666,1.0,"{'lower-grade glioma': tensor(0.9231), 'tumor': tensor(0.9230)}",1.0,"{'lower-grade glioma': tensor(0.9231), 'tumor': tensor(0.9230)}",1.0
/content/drive/Shareddrives/CS286-project/VLM-Segmentation-Project/Data/BiomedParseData/LGG/test/TCGA_HT_7855_19951020_9_MRI-FLAIR_brain.png,True,True,0.0,0.0,{},0.0,"{'lower-grade glioma': tensor(0.8549), 'tumor': tensor(0.8546)}",1.0
/content/drive/Shareddrives/CS286-project/VLM-Segmentation-Project/Data/BiomedParseData/LGG/test/TCGA_HT_7855_19951020_10_MRI-FLAIR_brain.png,True,True,0.1666666666666666,1.0,"{'lower-grade glioma': tensor(0.9442), 'tumor': tensor(0.9441)}",1.0,"{'lower-grade glioma': tensor(0.9442), 'tumor': tensor(0.9441)}",1.0
/content/drive/Shareddrives/CS286-project/VLM-Segmentation-Project/Data/BiomedParseData/LGG/test/TCGA_HT_7856_19950831_1_MRI-FLAIR_brain.png,True,True,0.1538461538461538,1.0,"{'lower-grade glioma': tensor(0.8567), 'tumor': tensor(0.8566)}",1.0,"{'lower-grade glioma': tensor(0.8567), 'tumor': tensor(0.8566)}",1.0
/content/drive/Shareddrives/CS286-project/VLM-Segmentation-Project/Data/BiomedParseData/LGG/test/TCGA_HT_7856_19950831_2_MRI-FLAIR_brain.png,True,True,0.1428571428571428,1.0,"{'lower-grade glioma': tensor(0.9306), 'tumor': tensor(0.9309)}",1.0,"{'lower-grade glioma': tensor(0.9306), 'tumor': tensor(0.9309)}",1.0
/content/drive/Shareddrives/CS286-project/VLM-Segmentation-Project/Data/BiomedParseData/LGG/test/TCGA_HT_7856_19950831_3_MRI-FLAIR_brain.png,True,True,0.1428571428571428,1.0,"{'lower-grade glioma': tensor(0.9175), 'tumor': tensor(0.9167)}",1.0,"{'lower-grade glioma': tensor(0.9175), 'tumor': tensor(0.9167)}",1.0
/content/drive/Shareddrives/CS286-project/VLM-Segmentation-Project/Data/BiomedParseData/LGG/test/TCGA_HT_7856_19950831_4_MRI-FLAIR_brain.png,True,True,0.1428571428571428,1.0,"{'lower-grade glioma': tensor(0.9488), 'tumor': tensor(0.9483)}",1.0,"{'lower-grade glioma': tensor(0.9488), 'tumor': tensor(0.9483)}",1.0
/content/drive/Shareddrives/CS286-project/VLM-Segmentation-Project/Data/BiomedParseData/LGG/test/TCGA_HT_7856_19950831_5_MRI-FLAIR_brain.png,True,True,0.1428571428571428,1.0,"{'lower-grade glioma': tensor(0.9472), 'tumor': tensor(0.9473)}",1.0,"{'lower-grade glioma': tensor(0.9472), 'tumor': tensor(0.9473)}",1.0
/content/drive/Shareddrives/CS286-project/VLM-Segmentation-Project/Data/BiomedParseData/LGG/test/TCGA_HT_7856_19950831_6_MRI-FLAIR_brain.png,True,True,0.1428571428571428,1.0,"{'lower-grade glioma': tensor(0.9592), 'tumor': tensor(0.9593)}",1.0,"{'lower-grade glioma': tensor(0.9592), 'tumor': tensor(0.9593)}",1.0
/content/drive/Shareddrives/CS286-project/VLM-Segmentation-Project/Data/BiomedParseData/LGG/test/TCGA_HT_7856_19950831_7_MRI-FLAIR_brain.png,True,True,0.1428571428571428,1.0,"{'lower-grade glioma': tensor(0.9652), 'tumor': tensor(0.9650)}",1.0,"{'lower-grade glioma': tensor(0.9652), 'tumor': tensor(0.9650)}",1.0
/content/drive/Shareddrives/CS286-project/VLM-Segmentation-Project/Data/BiomedParseData/LGG/test/TCGA_HT_7856_19950831_8_MRI-FLAIR_brain.png,True,True,0.1428571428571428,1.0,"{'lower-grade glioma': tensor(0.9730), 'tumor': tensor(0.9730)}",1.0,"{'lower-grade glioma': tensor(0.9730), 'tumor': tensor(0.9730)}",1.0
/content/drive/Shareddrives/CS286-project/VLM-Segmentation-Project/Data/BiomedParseData/LGG/test/TCGA_HT_7856_19950831_9_MRI-FLAIR_brain.png,True,True,0.1428571428571428,1.0,"{'lower-grade glioma': tensor(0.9587), 'tumor': tensor(0.9587)}",1.0,"{'lower-grade glioma': tensor(0.9587), 'tumor': tensor(0.9587)}",1.0
/content/drive/Shareddrives/CS286-project/VLM-Segmentation-Project/Data/BiomedParseData/LGG/test/TCGA_HT_7856_19950831_10_MRI-FLAIR_brain.png,True,True,0.1666666666666666,1.0,"{'lower-grade glioma': tensor(0.9331), 'tumor': tensor(0.9330)}",1.0,"{'lower-grade glioma': tensor(0.9331), 'tumor': tensor(0.9330)}",1.0
/content/drive/Shareddrives/CS286-project/VLM-Segmentation-Project/Data/BiomedParseData/LGG/test/TCGA_HT_7856_19950831_11_MRI-FLAIR_brain.png,True,True,0.1666666666666666,1.0,"{'lower-grade glioma': tensor(0.9209), 'tumor': tensor(0.9217)}",1.0,"{'lower-grade glioma': tensor(0.9209), 'tumor': tensor(0.9217)}",1.0
