image_path,site_correct,modality_correct,IoU_object_types,recall_object_types,dice_vqa,fraction_valid_vqa,dice_gold,fraction_valid_gold
/content/drive/Shareddrives/CS286-project/VLM-Segmentation-Project/Data/BiomedParseData/UWaterlooSkinCancer/test/dermIS_NM3_dermoscopy_skin.png,True,True,0.6666666666666666,1.0,"{'melanoma': tensor(0.9377), 'lesion': tensor(0.9376)}",1.0,"{'melanoma': tensor(0.9377), 'lesion': tensor(0.9376)}",1.0
/content/drive/Shareddrives/CS286-project/VLM-Segmentation-Project/Data/BiomedParseData/UWaterlooSkinCancer/test/dermIS_SSM11_dermoscopy_skin.png,True,True,0.3333333333333333,0.5,{'lesion': tensor(0.9186)},0.5,"{'melanoma': tensor(0.9186), 'lesion': tensor(0.9186)}",1.0
/content/drive/Shareddrives/CS286-project/VLM-Segmentation-Project/Data/BiomedParseData/UWaterlooSkinCancer/test/dermIS_SSM13_dermoscopy_skin.png,True,True,0.6666666666666666,1.0,"{'melanoma': tensor(0.9170), 'lesion': tensor(0.9178)}",1.0,"{'melanoma': tensor(0.9170), 'lesion': tensor(0.9178)}",1.0
/content/drive/Shareddrives/CS286-project/VLM-Segmentation-Project/Data/BiomedParseData/UWaterlooSkinCancer/test/dermIS_SSM17_dermoscopy_skin.png,True,True,0.6666666666666666,1.0,"{'melanoma': tensor(0.9203), 'lesion': tensor(0.9203)}",1.0,"{'melanoma': tensor(0.9203), 'lesion': tensor(0.9203)}",1.0
/content/drive/Shareddrives/CS286-project/VLM-Segmentation-Project/Data/BiomedParseData/UWaterlooSkinCancer/test/dermIS_SSM20_dermoscopy_skin.png,True,True,0.6666666666666666,1.0,"{'melanoma': tensor(0.9439), 'lesion': tensor(0.9439)}",1.0,"{'melanoma': tensor(0.9439), 'lesion': tensor(0.9439)}",1.0
/content/drive/Shareddrives/CS286-project/VLM-Segmentation-Project/Data/BiomedParseData/UWaterlooSkinCancer/test/dermIS_SSM24_dermoscopy_skin.png,True,True,0.6666666666666666,1.0,"{'melanoma': tensor(0.9544), 'lesion': tensor(0.9547)}",1.0,"{'melanoma': tensor(0.9544), 'lesion': tensor(0.9547)}",1.0
/content/drive/Shareddrives/CS286-project/VLM-Segmentation-Project/Data/BiomedParseData/UWaterlooSkinCancer/test/dermIS_SSM27_dermoscopy_skin.png,True,True,0.6666666666666666,1.0,"{'melanoma': tensor(0.9790), 'lesion': tensor(0.9791)}",1.0,"{'melanoma': tensor(0.9790), 'lesion': tensor(0.9791)}",1.0
/content/drive/Shareddrives/CS286-project/VLM-Segmentation-Project/Data/BiomedParseData/UWaterlooSkinCancer/test/dermIS_SSM28_dermoscopy_skin.png,True,True,0.6666666666666666,1.0,"{'melanoma': tensor(0.9501), 'lesion': tensor(0.9500)}",1.0,"{'melanoma': tensor(0.9501), 'lesion': tensor(0.9500)}",1.0
/content/drive/Shareddrives/CS286-project/VLM-Segmentation-Project/Data/BiomedParseData/UWaterlooSkinCancer/test/dermIS_SSM3_dermoscopy_skin.png,True,False,0.0,0.0,{},0.0,"{'melanoma': tensor(0.9744), 'lesion': tensor(0.9745)}",1.0
/content/drive/Shareddrives/CS286-project/VLM-Segmentation-Project/Data/BiomedParseData/UWaterlooSkinCancer/test/dermquest_LMM8_dermoscopy_skin.png,True,True,0.3333333333333333,0.5,{'lesion': tensor(0.8908)},0.5,"{'melanoma': tensor(0.8902), 'lesion': tensor(0.8908)}",1.0
/content/drive/Shareddrives/CS286-project/VLM-Segmentation-Project/Data/BiomedParseData/UWaterlooSkinCancer/test/dermquest_SSM11_dermoscopy_skin.png,True,True,0.6666666666666666,1.0,"{'melanoma': tensor(0.9547), 'lesion': tensor(0.9548)}",1.0,"{'melanoma': tensor(0.9547), 'lesion': tensor(0.9548)}",1.0
/content/drive/Shareddrives/CS286-project/VLM-Segmentation-Project/Data/BiomedParseData/UWaterlooSkinCancer/test/dermquest_SSM15_dermoscopy_skin.png,True,True,0.3333333333333333,0.5,{'lesion': tensor(0.9609)},0.5,"{'melanoma': tensor(0.9609), 'lesion': tensor(0.9609)}",1.0
/content/drive/Shareddrives/CS286-project/VLM-Segmentation-Project/Data/BiomedParseData/UWaterlooSkinCancer/test/dermquest_SSM19_dermoscopy_skin.png,True,True,0.6666666666666666,1.0,"{'melanoma': tensor(0.9419), 'lesion': tensor(0.9417)}",1.0,"{'melanoma': tensor(0.9419), 'lesion': tensor(0.9417)}",1.0
/content/drive/Shareddrives/CS286-project/VLM-Segmentation-Project/Data/BiomedParseData/UWaterlooSkinCancer/test/dermquest_SSM22_dermoscopy_skin.png,True,True,0.6666666666666666,1.0,"{'melanoma': tensor(0.9667), 'lesion': tensor(0.9665)}",1.0,"{'melanoma': tensor(0.9667), 'lesion': tensor(0.9665)}",1.0
/content/drive/Shareddrives/CS286-project/VLM-Segmentation-Project/Data/BiomedParseData/UWaterlooSkinCancer/test/dermquest_SSM26_dermoscopy_skin.png,True,True,0.6666666666666666,1.0,"{'melanoma': tensor(0.9599), 'lesion': tensor(0.9599)}",1.0,"{'melanoma': tensor(0.9599), 'lesion': tensor(0.9599)}",1.0
/content/drive/Shareddrives/CS286-project/VLM-Segmentation-Project/Data/BiomedParseData/UWaterlooSkinCancer/test/dermquest_SSM29_2_dermoscopy_skin.png,True,True,0.3333333333333333,0.5,{'lesion': tensor(0.9452)},0.5,"{'melanoma': tensor(0.9452), 'lesion': tensor(0.9452)}",1.0
/content/drive/Shareddrives/CS286-project/VLM-Segmentation-Project/Data/BiomedParseData/UWaterlooSkinCancer/test/dermquest_SSM29_dermoscopy_skin.png,True,True,0.3333333333333333,0.5,{'lesion': tensor(0.9384)},0.5,"{'melanoma': tensor(0.9382), 'lesion': tensor(0.9384)}",1.0
/content/drive/Shareddrives/CS286-project/VLM-Segmentation-Project/Data/BiomedParseData/UWaterlooSkinCancer/test/dermquest_SSM33_dermoscopy_skin.png,True,True,0.3333333333333333,0.5,{'lesion': tensor(0.9715)},0.5,"{'melanoma': tensor(0.9714), 'lesion': tensor(0.9715)}",1.0
/content/drive/Shareddrives/CS286-project/VLM-Segmentation-Project/Data/BiomedParseData/UWaterlooSkinCancer/test/dermquest_SSM51_dermoscopy_skin.png,True,True,0.3333333333333333,0.5,{'lesion': tensor(0.9331)},0.5,"{'melanoma': tensor(0.9331), 'lesion': tensor(0.9331)}",1.0
/content/drive/Shareddrives/CS286-project/VLM-Segmentation-Project/Data/BiomedParseData/UWaterlooSkinCancer/test/dermquest_SSM62_dermoscopy_skin.png,True,True,0.3333333333333333,0.5,{'lesion': tensor(0.9648)},0.5,"{'melanoma': tensor(0.9649), 'lesion': tensor(0.9648)}",1.0
/content/drive/Shareddrives/CS286-project/VLM-Segmentation-Project/Data/BiomedParseData/UWaterlooSkinCancer/test/dermquest_SSM70_dermoscopy_skin.png,True,True,0.6666666666666666,1.0,"{'melanoma': tensor(0.9543), 'lesion': tensor(0.9542)}",1.0,"{'melanoma': tensor(0.9543), 'lesion': tensor(0.9542)}",1.0
/content/drive/Shareddrives/CS286-project/VLM-Segmentation-Project/Data/BiomedParseData/UWaterlooSkinCancer/test/dermquest_SSM82_dermoscopy_skin.png,True,True,0.6666666666666666,1.0,"{'melanoma': tensor(0.9205), 'lesion': tensor(0.9232)}",1.0,"{'melanoma': tensor(0.9205), 'lesion': tensor(0.9232)}",1.0
/content/drive/Shareddrives/CS286-project/VLM-Segmentation-Project/Data/BiomedParseData/UWaterlooSkinCancer/test/dermquest_SSM85_2_dermoscopy_skin.png,True,True,0.6666666666666666,1.0,"{'melanoma': tensor(0.9332), 'lesion': tensor(0.9333)}",1.0,"{'melanoma': tensor(0.9332), 'lesion': tensor(0.9333)}",1.0
/content/drive/Shareddrives/CS286-project/VLM-Segmentation-Project/Data/BiomedParseData/UWaterlooSkinCancer/test/dermquest_SSM9_2_dermoscopy_skin.png,True,True,0.3333333333333333,0.5,{'lesion': tensor(0.8207)},0.5,"{'melanoma': tensor(0.8213), 'lesion': tensor(0.8207)}",1.0
/content/drive/Shareddrives/CS286-project/VLM-Segmentation-Project/Data/BiomedParseData/UWaterlooSkinCancer/test/dermis_27_dermoscopy_skin.png,True,True,0.5,1.0,{'lesion': tensor(0.9627)},1.0,{'lesion': tensor(0.9627)},1.0
/content/drive/Shareddrives/CS286-project/VLM-Segmentation-Project/Data/BiomedParseData/UWaterlooSkinCancer/test/dermis_37_dermoscopy_skin.png,True,True,0.3333333333333333,1.0,{'lesion': tensor(0.9619)},1.0,{'lesion': tensor(0.9619)},1.0
/content/drive/Shareddrives/CS286-project/VLM-Segmentation-Project/Data/BiomedParseData/UWaterlooSkinCancer/test/dermis_39_dermoscopy_skin.png,True,True,0.3333333333333333,1.0,{'lesion': tensor(0.9437)},1.0,{'lesion': tensor(0.9437)},1.0
/content/drive/Shareddrives/CS286-project/VLM-Segmentation-Project/Data/BiomedParseData/UWaterlooSkinCancer/test/dermis_46_dermoscopy_skin.png,True,True,0.5,1.0,{'lesion': tensor(0.8615)},1.0,{'lesion': tensor(0.8615)},1.0
/content/drive/Shareddrives/CS286-project/VLM-Segmentation-Project/Data/BiomedParseData/UWaterlooSkinCancer/test/dermis_5_dermoscopy_skin.png,True,True,0.5,1.0,{'lesion': tensor(0.9770)},1.0,{'lesion': tensor(0.9770)},1.0
/content/drive/Shareddrives/CS286-project/VLM-Segmentation-Project/Data/BiomedParseData/UWaterlooSkinCancer/test/dermquest_D17_2_dermoscopy_skin.png,True,True,0.5,1.0,{'lesion': tensor(0.9557)},1.0,{'lesion': tensor(0.9557)},1.0
/content/drive/Shareddrives/CS286-project/VLM-Segmentation-Project/Data/BiomedParseData/UWaterlooSkinCancer/test/dermquest_D19_dermoscopy_skin.png,True,True,0.5,1.0,{'lesion': tensor(0.9380)},1.0,{'lesion': tensor(0.9380)},1.0
/content/drive/Shareddrives/CS286-project/VLM-Segmentation-Project/Data/BiomedParseData/UWaterlooSkinCancer/test/dermquest_D21_dermoscopy_skin.png,True,True,0.3333333333333333,1.0,{'lesion': tensor(0.9523)},1.0,{'lesion': tensor(0.9523)},1.0
/content/drive/Shareddrives/CS286-project/VLM-Segmentation-Project/Data/BiomedParseData/UWaterlooSkinCancer/test/dermquest_D24_dermoscopy_skin.png,True,True,0.5,1.0,{'lesion': tensor(0.9468)},1.0,{'lesion': tensor(0.9468)},1.0
/content/drive/Shareddrives/CS286-project/VLM-Segmentation-Project/Data/BiomedParseData/UWaterlooSkinCancer/test/dermquest_D28_2_dermoscopy_skin.png,True,False,0.0,0.0,{},0.0,{'lesion': tensor(0.9304)},1.0
/content/drive/Shareddrives/CS286-project/VLM-Segmentation-Project/Data/BiomedParseData/UWaterlooSkinCancer/test/dermquest_D33_dermoscopy_skin.png,True,True,1.0,1.0,{'lesion': tensor(0.9389)},1.0,{'lesion': tensor(0.9389)},1.0
/content/drive/Shareddrives/CS286-project/VLM-Segmentation-Project/Data/BiomedParseData/UWaterlooSkinCancer/test/dermquest_D36_2_dermoscopy_skin.png,True,True,0.3333333333333333,1.0,{'lesion': tensor(0.9612)},1.0,{'lesion': tensor(0.9612)},1.0
/content/drive/Shareddrives/CS286-project/VLM-Segmentation-Project/Data/BiomedParseData/UWaterlooSkinCancer/test/dermquest_D36_dermoscopy_skin.png,True,True,0.5,1.0,{'lesion': tensor(0.9640)},1.0,{'lesion': tensor(0.9640)},1.0
/content/drive/Shareddrives/CS286-project/VLM-Segmentation-Project/Data/BiomedParseData/UWaterlooSkinCancer/test/dermquest_D44_dermoscopy_skin.png,True,True,0.3333333333333333,1.0,{'lesion': tensor(0.9044)},1.0,{'lesion': tensor(0.9044)},1.0
/content/drive/Shareddrives/CS286-project/VLM-Segmentation-Project/Data/BiomedParseData/UWaterlooSkinCancer/test/dermquest_D52_dermoscopy_skin.png,True,True,0.5,1.0,{'lesion': tensor(0.9362)},1.0,{'lesion': tensor(0.9362)},1.0
/content/drive/Shareddrives/CS286-project/VLM-Segmentation-Project/Data/BiomedParseData/UWaterlooSkinCancer/test/dermquest_D6_dermoscopy_skin.png,True,True,1.0,1.0,{'lesion': tensor(0.9345)},1.0,{'lesion': tensor(0.9345)},1.0
/content/drive/Shareddrives/CS286-project/VLM-Segmentation-Project/Data/BiomedParseData/UWaterlooSkinCancer/test/dermquest_D9_2_dermoscopy_skin.png,True,True,0.5,1.0,{'lesion': tensor(0.9293)},1.0,{'lesion': tensor(0.9293)},1.0
